GROUP,PACKAGE,CLASS,INSTRUCTION_MISSED,INSTRUCTION_COVERED,BRANCH_MISSED,BRANCH_COVERED,LINE_MISSED,LINE_COVERED,COMPLEXITY_MISSED,COMPLEXITY_COVERED,METHOD_MISSED,METHOD_COVERED
geektrust,com.zensar.service.impl,OutputImpl,54,0,4,0,10,0,4,0,2,0
geektrust,com.zensar.service.impl,FileInputReaderImpl,8,30,0,2,4,8,0,3,0,2
geektrust,com.zensar.service.impl,TourImpl,2,120,1,3,0,23,1,10,0,9
geektrust,com.zensar.service.impl,ParserImpl,41,58,6,10,4,9,4,6,0,2
geektrust,com.zensar,Main,79,0,0,0,15,0,2,0,2,0
geektrust,com.zensar.service,RoutesDef,6,270,0,0,1,25,1,2,1,2
geektrust,com.zensar.service,Tour,0,4,0,0,0,1,0,1,0,1
geektrust,com.zensar.dto,TrainDto,0,70,0,0,0,28,0,12,0,12
geektrust,com.zensar.utils,StationCodes,0,184,0,0,0,19,0,1,0,1
